code,name,r,g,b
C4B0A0,0302,196,176,160
C2AEA5,8657,194,174,165
BBB899,7785,187,184,153
CAAC97,8577,202,172,151
BEA694,0470,190,166,148
BEB792,7793,190,183,146
C9A995,0501,201,169,149
BBA8A4,8745,187,168,164
CAABA2,K260,202,171,162
B2AA9D,8465,178,170,157
B9B4A8,K163,185,180,168
C6B9A6,0N02,198,185,166
C8B8A6,4202,200,184,166
CCA49D,K252,204,164,157
C1B3AB,8754,193,179,171
C3B38B,0G15,195,179,139
B1B5A1,8409,177,181,161
B8A097,8649,184,160,151
CCA692,5226,204,166,146
B0A89D,8441,176,168,157
C6B6AA,8770,198,182,170
D1AF96,8569,209,175,150
C9ACAA,8689,201,172,170
B2BA9A,7689,178,186,154
D1B296,8537,209,178,150
C6B7AA,8762,198,183,170
CCB4A8,8650,204,180,168
AFB69C,8417,175,182,156
AFAEA3,K131,175,174,163
C29FA6,8712,194,159,166
B5BCA5,K158,181,188,165
BD9DA3,8696,189,157,163
ACAE9D,8401,172,174,157
ACAB9D,8425,172,171,157
B0A494,8456,176,164,148
D1BB9C,8513,209,187,156
D1BA96,8505,209,186,150
C4C499,7720,196,196,153
B0A197,8769,176,161,151
AEA39A,8761,174,163,154
C6A9AF,K033,198,169,175
B6ABAE,K055,182,171,174
D4A69A,8641,212,166,154
B6B1AF,K075,182,177,175
C1BBAE,6126,193,187,174
D4A597,8617,212,165,151
D4BA9D,4215,212,186,157
D3B9A3,0469,211,185,163
B7B5B0,8297,183,181,176
B8B9AF,8330,184,185,175
C7BDAD,8466,199,189,173
B69EA9,K060,182,158,169
B3B3AF,K122,179,179,175
CCA5AE,8704,204,165,174
D6A499,K236,214,164,153
ACAAA9,K274,172,170,169
C5BCB0,8473,197,188,176
A8B5A0,8385,168,181,160
CBC1A9,8481,203,193,169
B09E91,8776,176,158,145
CBB9B0,8658,203,185,176
ABA195,9513,171,161,149
CCBEAD,0N13,204,190,173
C1C1AF,8402,193,193,175
A7A59C,8433,167,165,156
ABA3A7,8216,171,163,167
D6BDA3,9530,214,189,163
B99AAB,9431,185,154,171
C4C0B0,8426,196,192,176
AE9CA3,K061,174,156,163
B39797,8688,179,151,151
A9B7A8,K141,169,183,168
A9B2AA,K134,169,178,170
B8B4B5,8234,184,180,181
C59497,8104,197,148,151
AEA08C,4120,174,160,140
D2C49F,7849,210,196,159
B8B9B4,0615,184,185,180
DBB79A,0362,219,183,154
D0C38F,7809,208,195,143
C9B9B4,8746,201,185,180
A8A097,8472,168,160,151
BBB3B7,8217,187,179,183
D4AAAF,8105,212,170,175
BCA381,8512,188,163,129
A7A3A5,K275,167,163,165
BCC1B2,8394,188,193,178
A3A99C,8393,163,169,156
D59F8D,8608,213,159,141
C0B7B8,K053,192,183,184
B8958E,K261,184,149,142
D1B0B4,8697,209,176,180
BCACB9,8201,188,172,185
A4A6A3,K103,164,166,163
B1B8B4,8314,177,184,180
A89FA5,K056,168,159,165
ACA885,7784,172,168,133
BEA57E,8504,190,165,126
AC9993,8656,172,153,147
B6BAB6,K093,182,186,182
BFA080,8528,191,160,128
DDAD90,0318,221,173,144
A2ACA3,8369,162,172,163
DBBBA5,8586,219,187,165
B9CAA9,7680,185,202,169
BEB3BA,8209,190,179,186
BEB57C,9383,190,181,124
BCBFB6,K102,188,191,182
D2C5A9,9522,210,197,169
DFA79C,K243,223,167,156
AD96A2,K049,173,150,162
C7CE96,7728,199,206,150
A79B95,8753,167,155,149
C0938A,7027,192,147,138
A9C0AB,K156,169,192,171
DCBDA5,8578,220,189,165
D1B2B7,8713,209,178,183
C4C8B0,8410,196,200,176
DEBC97,0336,222,188,151
DEBBA3,8602,222,187,163
A8ACB2,K085,168,172,178
DA9FAA,8120,218,159,170
BE8D9D,K034,190,141,157
AAB1B5,0616,170,177,181
BB9C7F,8536,187,156,127
C98E9A,8112,201,142,154
CDCBAA,7786,205,203,170
BBC8B2,8386,187,200,178
BCD1A1,7672,188,209,161
A0A3A2,0643,160,163,162
BDBABC,K054,189,186,188
BFB278,7808,191,178,120
A0A19F,8296,160,161,159
B4BF7E,7727,180,191,126
C3B3BE,K048,195,179,190
C89E7D,8559,200,158,125
D9BBB1,K259,217,187,177
A1A0A4,8233,161,160,164
E1B5A7,K235,225,181,167
A2BFA6,7624,162,191,166
D2CCA6,0758,210,204,166
B5BBBB,K094,181,187,187
D4C2B2,8778,212,194,178
A0A58E,8408,160,165,142
C5CBB1,8418,197,203,177
E2B6A5,5117,226,182,165
D2BF80,7839,210,191,128
A7A7B4,7184,167,167,180
D7B0B7,K032,215,176,183
A09E98,K123,160,158,152
ACA6B8,7144,172,166,184
ADAE7C,7719,173,174,124
9FABAA,8337,159,171,170
9FA5A7,8289,159,165,167
BBBEBC,6142,187,190,188
B8BABD,0686,184,186,189
D08E9A,8119,208,142,154
C69384,8616,198,147,132
BF9680,8600,191,150,128
A0A6AB,6129,160,166,171
D195AF,8135,209,149,175
BB987E,8568,187,152,126
CBA479,8520,203,164,121
BBC5B9,8370,187,197,185
E3B1A9,K251,227,177,169
9EB38B,7679,158,179,139
BCC1BC,0740,188,193,188
E5A996,8633,229,169,150
D3B17A,7888,211,177,122
D79887,8632,215,152,135
E6AB9B,9990,230,171,155
E6B39E,8609,230,179,158
E0BAAD,8642,224,186,173
CA8A9D,K016,202,138,157
DDABB4,8113,221,171,180
DBC3AE,8554,219,195,174
A1989A,K076,161,152,154
E6AAA0,8673,230,170,160
D1C6B5,9514,209,198,181
C9C3BB,K115,201,195,187
9CA09A,8329,156,160,154
9FA987,7688,159,169,135
B8C77D,7711,184,199,125
9EB1AF,8344,158,177,175
A49C86,8480,164,156,134
C5C5BC,8331,197,197,188
A1969F,8208,161,150,159
99A796,K142,153,167,150
E5A3A5,8080,229,163,165
E7B6A2,8610,231,182,162
9C9D9E,K109,156,157,158
DCA082,8016,220,160,130
C7898F,K009,199,137,143
D6BDBA,8690,214,189,186
9AA2A2,8313,154,162,162
ABC47F,9780,171,196,127
CCD69A,7712,204,214,154
9D9A9E,K086,157,154,158
E2BD89,9879,226,189,137
BCB7C3,7185,188,183,195
CCC97D,7767,204,201,125
BD86A2,8143,189,134,162
D6B9BD,8714,214,185,189
B5A574,7847,181,165,116
B38893,8703,179,136,147
C3937C,K226,195,147,124
AAA17A,7792,170,161,122
E1C5A9,8538,225,197,169
BAC4BF,0603,186,196,191
D1D3A9,7721,209,211,169
E59BA0,9408,229,155,160
D9CB87,7824,217,203,135
E3C798,0358,227,199,152
B0C3BD,8345,176,195,189
DEC0B4,K240,222,192,180
A29292,8744,162,146,146
A3B8B9,9473,163,184,185
A3A5B9,7193,163,165,185
D1C5BC,0N05,209,197,188
D7D393,7768,215,211,147
9EBC83,2370,158,188,131
AB8995,K035,171,137,149
D0C7BC,8474,208,199,188
DFCE99,7840,223,206,153
D5C67C,7823,213,198,124
BE8985,K253,190,137,133
C698C0,8167,198,152,192
CAD2B4,7690,202,210,180
D9C4B9,0R08,217,196,185
B1A0C2,9610,177,160,194
C6C7C0,K130,198,199,192
D5AAC2,8144,213,170,194
BCDB95,9771,188,219,149
E2BFB3,K241,226,191,179
98BEA8,7584,152,190,168
B0878F,K025,176,135,143
9A9A90,K124,154,154,144
C3B7C7,7145,195,183,199
B4D0B7,7625,180,208,183
E1CBA7,8506,225,203,167
D2C9BB,8442,210,201,187
C8C6C1,8298,200,198,193
B296BE,9120,178,150,190
9FB2BA,8266,159,178,186
CABA70,9841,202,186,112
D5CDB6,8482,213,205,182
9EA9B9,7232,158,169,185
D6BCC1,K024,214,188,193
E4CBA1,9878,228,203,161
EAC0A3,5219,234,192,163
96A28D,8384,150,162,141
C2DD9F,7664,194,221,159
A08EA0,8200,160,142,160
C7C7C2,8307,199,199,194
EEB295,8008,238,178,149
CADB8F,9810,202,219,143
D0BFC4,K042,208,191,196
A78E85,4115,167,142,133
C1C6C4,K092,193,198,196
D9C7BB,K239,217,199,187
E6BEB3,K234,230,190,179
B5DCA5,7656,181,220,165
D4AE70,9880,212,174,112
DFB8BE,8705,223,184,190
B19179,8576,177,145,121
E0CDAE,4214,224,205,174
989B8A,8400,152,155,138
E592A4,K015,229,146,164
ACD484,7663,172,212,132
BB95C3,7111,187,149,195
EA9897,8055,234,152,151
99988A,8424,153,152,138
949DA4,8256,148,157,164
E7C8A9,8561,231,200,169
9FB5BE,8273,159,181,190
DDAEC2,8136,221,174,194
CCA1C8,9593,204,161,200
CECEBE,8403,206,206,190
C99374,8591,201,147,116
949E8E,K143,148,158,142
B0BAC8,7233,176,186,200
BCB9CB,7194,188,185,203
E3CCAE,8530,227,204,174
B987B7,9594,185,135,183
E5C8B0,0N22,229,200,176
C3D77E,9352,195,215,126
EFBE9F,8017,239,190,159
EC9D8D,8031,236,157,141
B39871,8511,179,152,113
A09085,8768,160,144,133
C7DBB1,2387,199,219,177
DD9081,9967,221,144,129
D6CCBD,8467,214,204,189
D1BDC8,8202,209,189,200
E191B2,8127,225,145,178
DB878D,9407,219,135,141
E891A0,8087,232,145,160
BBB1CD,7152,187,177,205
AF8E79,8584,175,142,121
C18089,8111,193,128,137
B1D27A,9772,177,210,122
A097BA,7151,160,151,186
CB877E,8672,203,135,126
C9D7B9,2420,201,215,185
E1D69B,7825,225,214,155
9FA9C2,7225,159,169,194
B5B4CD,7051,181,180,205
9699AF,7192,150,153,175
D58488,8079,213,132,136
D786B0,9583,215,134,176
EFBAAD,K242,239,186,173
909E93,K135,144,158,147
97CCA7,7608,151,204,167
C8ADCE,9121,200,173,206
D9C9C0,8659,217,201,192
ADD2BC,7585,173,210,188
EDBCB1,8674,237,188,177
DFD6A9,7810,223,214,169
D0C7C6,8218,208,199,198
E19A79,8007,225,154,121
D1E09A,9353,209,224,154
B9C8C8,9474,185,200,200
969195,K077,150,145,149
DCC1C3,8698,220,193,195
D693C1,9423,214,147,193
F3B3A5,8032,243,179,165
E2CA7E,7855,226,202,126
C983B6,9587,201,131,182
EEC088,7936,238,192,136
B49370,8527,180,147,112
94B0B8,7384,148,176,184
A5C0C5,7385,165,192,197
D7A3C9,9586,215,163,201
E9AABC,K014,233,170,188
DDD98D,K286,221,217,141
EBCB8E,7880,235,203,142
EACDA7,0315,234,205,167
C8A8CF,7112,200,168,207
D3C4C8,8210,211,196,200
D9CCC0,8763,217,204,192
9EC3BF,7481,158,195,191
D2A9CD,8168,210,169,205
D1D5BD,8419,209,213,189
A3CEBC,7561,163,206,188
E1CEB8,9531,225,206,184
A2A3C6,7168,162,163,198
D4CCC4,K282,212,204,196
8E9DA5,8265,142,157,165
D6DDAD,7729,214,221,173
CBE49B,9796,203,228,155
D8C9C4,8747,216,201,196
A8818B,8711,168,129,139
E5BEC0,8106,229,190,192
F4A094,9991,244,160,148
BCD776,9797,188,215,118
A38290,K036,163,130,144
AD98C9,9616,173,152,201
CDD1C4,8395,205,209,196
F3B2AF,8056,243,178,175
8BB8A6,7560,139,184,166
A8A96A,9842,168,169,106
CF8F71,8015,207,143,113
E9B6BF,8121,233,182,191
94908F,K116,148,144,143
E7B274,7935,231,178,116
9FA4C6,7201,159,164,198
CFD879,7743,207,216,121
A785B5,9603,167,133,181
F0B5B6,8081,240,181,182
B4C6CC,8274,180,198,204
C7CACB,8258,199,202,203
988E87,K276,152,142,135
F7B093,9965,247,176,147
D5DC82,9818,213,220,130
E2D4B3,7850,226,212,179
C5CEC9,8339,197,206,201
8DA3AE,8272,141,163,174
C6A265,7887,198,162,101
BFCACC,8267,191,202,204
A48289,8695,164,130,137
D9DAB5,7722,217,218,181
EFC9AC,0572,239,201,172
CCE4AA,9787,204,228,170
EFB27C,7967,239,178,124
D8E29D,9833,216,226,157
EE91A8,8095,238,145,168
DC7E9C,X204,220,126,156
CA8379,K223,202,131,121
958B94,K057,149,139,148
EAD18A,9873,234,209,138
BB7BB1,9588,187,123,177
A19077,8495,161,144,119
95CC84,7655,149,204,132
F5C090,7968,245,192,144
D8C6C9,K047,216,198,201
B2966A,8503,178,150,106
F0C3B2,5132,240,195,178
F8B592,8000,248,181,146
9F9972,2430,159,153,114
F29495,8063,242,148,149
958F87,8440,149,143,135
CAC9CD,K108,202,201,205
929A80,8416,146,154,128
B4A464,7807,180,164,100
988F81,8464,152,143,129
E1DE9D,7777,225,222,157
DCA0CB,9424,220,160,203
E7CEB8,8579,231,206,184
D6D0C5,8435,214,208,197
F3968F,8047,243,150,143
9B9DC4,7167,155,157,196
A48B77,3211,164,139,119
DACFC4,8771,218,207,196
E8C8BD,8643,232,200,189
B4ADD4,7160,180,173,212
E1A5CA,9416,225,165,202
F3ABB7,8088,243,171,183
A49DCB,7159,164,157,203
AA7EB2,7110,170,126,178
D3E388,9802,211,227,136
F4C6A9,8009,244,198,169
F0A27C,7999,240,162,124
C1E3B6,7657,193,227,182
F9AFA9,5206,249,175,169
EBCFB3,3122,235,207,179
92B6BF,7416,146,182,191
EFC7B5,8611,239,199,181
C2D1CB,8346,194,209,203
88A68B,2463,136,166,139
B7BFD3,7226,183,191,211
CF78AA,9414,207,120,170
A584B9,9617,165,132,185
87ACAA,9744,135,172,170
8E928F,K104,142,146,143
D4D1C7,K101,212,209,199
CC79B0,9422,204,121,176
8F9A81,K149,143,154,129
EFAB77,7983,239,171,119
B17693,8142,177,118,147
ECD798,7856,236,215,152
A7799F,9595,167,121,159
F3B7B9,9409,243,183,185
DFE29D,7744,223,226,157
978CB5,9626,151,140,181
99CCBE,7545,153,204,190
C2C9D1,0720,194,201,209
968C82,8760,150,140,130
FAADAB,8064,250,173,171
CFC5D1,7146,207,197,209
998292,K050,153,130,146
AA8B70,K206,170,139,112
AF76A5,8166,175,118,165
E9D0B9,8571,233,208,185
879BA0,9472,135,155,160
F5A181,9966,245,161,129
A4DBBA,7609,164,219,186
B0CFCC,7474,176,207,204
F9C394,7984,249,195,148
C08371,8607,192,131,113
D0E5B2,7665,208,229,178
998C7C,8455,153,140,124
8B958C,6118,139,149,140
87BAAE,7544,135,186,174
9298BC,7200,146,152,188
E1DD84,7776,225,221,132
DD7B8D,K005,221,123,141
E4D1BF,0940,228,209,191
CDC9D1,0719,205,201,209
E1D1C2,8779,225,209,194
FDB69C,8024,253,182,156
B5D1CD,7482,181,209,205
C9DA70,9811,201,218,112
92898C,8215,146,137,140
EBAEC7,8128,235,174,199
87C697,9752,135,198,151
EDD6AB,7890,237,214,171
CFD0CD,0978,207,208,205
AF8C6B,8535,175,140,107
84A8A8,7480,132,168,168
94C4C1,7488,148,196,193
DD9969,9912,221,153,105
8A9197,K087,138,145,151
8FADC1,7305,143,173,193
C2B25D,7822,194,178,93
E8D3BA,8539,232,211,186
ECCEBA,K225,236,206,186
E7D5B9,L189,231,213,185
DBB163,7879,219,177,99
B7D9C8,7562,183,217,200
DBD1C8,8756,219,209,200
D5E8AA,9779,213,232,170
EFBD74,7927,239,189,116
8C8C9C,7183,140,140,156
BDA65D,7838,189,166,93
A1C5CD,0195,161,197,205
D6D56E,9854,214,213,110
D0D9C7,8387,208,217,199
F79E81,8023,247,158,129
E2BBCF,9581,226,187,207
997FA9,9611,153,127,169
D9CDCD,K046,217,205,205
F4CCB1,8018,244,204,177
FCC3A1,9964,252,195,161
AF896B,8567,175,137,107
95828E,K051,149,130,142
8CC47D,9762,140,196,125
9A7C9A,K043,154,124,154
DAD5C7,0684,218,213,199
EAC2C7,0418,234,194,199
CAB1DA,9602,202,177,218
92858D,8207,146,133,141
B2856D,8599,178,133,109
FEBE98,7992,254,190,152
E0817C,8054,224,129,124
939973,7687,147,153,115
E2CCC9,8691,226,204,201
DEC8CE,9451,222,200,206
DCE4B3,7713,220,228,179
FCAF83,9911,252,175,131
94C5C5,7473,148,197,197
C8C3D8,7170,200,195,216
E4D6C0,L190,228,214,192
D1D0D0,8251,209,208,208
8E9080,8399,142,144,128
E6D6BE,L129,230,214,190
DED5C6,8459,222,213,198
869394,8336,134,147,148
E2D6C2,0974,226,214,194
C8DCC9,0299,200,220,201
FEBD8E,9910,254,189,142
EAD2BE,0477,234,210,190
B5CED3,7386,181,206,211
D7DCC4,7691,215,220,196
8896B1,7224,136,150,177
F2D8A3,0399,242,216,163
E2D1C7,K255,226,209,199
F8D096,7928,248,208,150
E1DBBE,0262,225,219,190
FEC294,9926,254,194,148
A4AED6,7208,164,174,214
AFD8CB,7546,175,216,203
BC9161,8519,188,145,97
EBD981,9856,235,217,129
8E8E80,8423,142,142,128
D7D3CD,8299,215,211,205
CDCF63,9834,205,207,99
B2708E,8134,178,112,142
E6E1AF,7769,230,225,175
96BDCC,7369,150,189,204
FAC9AD,9963,250,201,173
CA6EA2,X178,202,110,162
B5E1C5,7610,181,225,197
83B1B5,7472,131,177,181
CEC2D9,7008,206,194,217
E7C7CB,8706,231,199,203
EE8486,9992,238,132,134
A2C5D2,7370,162,197,210
F9C5B5,8033,249,197,181
D47094,8126,212,112,148
F1BC70,9891,241,188,112
DDD4CA,8475,221,212,202
9E7AB1,9604,158,122,177
97867A,8775,151,134,122
ABC6D6,7306,171,198,214
FEC48E,9935,254,196,142
DDD86F,7775,221,216,111
E2E6AC,9825,226,230,172
96B2CF,7272,150,178,207
FEBC85,9936,254,188,133
918682,K068,145,134,130
B4B359,7766,180,179,89
889C7B,K150,136,156,123
F6B9C2,8089,246,185,194
DED6C9,8443,222,214,201
A2D1CD,7489,162,209,205
A0C0D4,7297,160,192,212
FDAF7E,9927,253,175,126
819796,8343,129,151,150
9FAED6,7216,159,174,214
AF7779,8103,175,119,121
DFDCC3,7787,223,220,195
C3DECC,7586,195,222,204
FECB9C,9934,254,203,156
D6D5CF,8308,214,213,207
D7D3D0,8235,215,211,208
A5B75D,7710,165,183,93
A0AB5F,7726,160,171,95
D3D8CE,0973,211,216,206
9E9367,7791,158,147,103
F7B4C3,8096,247,180,195
D4E0C6,7682,212,224,198
C6C3DC,9630,198,195,220
EAD8BE,0964,234,216,190
AC6EA2,9596,172,110,162
CDECB7,9770,205,236,183
FECC98,7976,254,204,152
BD7D6C,K227,189,125,108
C17C6D,8631,193,124,109
EDDEB1,7841,237,222,177
F2D4B9,8595,242,212,185
EDC4CB,8122,237,196,203
8D8980,8432,141,137,128
F8D6A6,7937,248,214,166
C0D05E,9819,192,208,94
EFD0C2,0N17,239,208,194
B7D3D6,7418,183,211,214
DFE4BC,7730,223,228,188
A39362,7846,163,147,98
85A8C0,7296,133,168,192
C7C8DC,7202,199,200,220
FCD1A7,7985,252,209,167
F0D579,7831,240,213,121
83C0B9,7528,131,192,185
FECDA8,9925,254,205,168
9FD6CB,7529,159,214,203
D6E5C2,7674,214,229,194
F6C1C4,8082,246,193,196
FDCCAE,8001,253,204,174
C2C458,9366,194,196,88
849186,K144,132,145,134
BD9759,7886,189,151,89
E8D2C9,K231,232,210,201
898789,K078,137,135,137
E8778C,8094,232,119,140
ECE1B2,7826,236,225,178
FEB97B,9918,254,185,123
F8D1B5,8010,248,209,181
CBD762,9826,203,215,98
ECD5C3,8603,236,213,195
D2B557,7854,210,181,87
A2BFD9,7273,162,191,217
917C8D,8199,145,124,141
E0D8CB,4148,224,216,203
D9D8CF,8332,217,216,207
CAC0DF,7161,202,192,223
F9C9BC,K250,249,201,188
B06A9F,9589,176,106,159
A7826A,4194,167,130,106
917A95,9111,145,122,149
DBDDCA,8411,219,221,202
FECE8B,7952,254,206,139
FEC882,7960,254,200,130
D1CED9,7195,209,206,217
868B86,K125,134,139,134
D3EDB9,9778,211,237,185
F3CCC4,K233,243,204,196
878D80,8392,135,141,128
FEAF77,9919,254,175,119
EADB75,9848,234,219,117
E7DCC3,L188,231,220,195
878A84,8328,135,138,132
B6CEDB,7298,182,206,219
FEA578,7991,254,165,120
EFBFCF,8137,239,191,207
898195,7143,137,129,149
DA727F,8086,218,114,127
F4E199,7832,244,225,153
E8C2D4,8145,232,194,212
86878B,8232,134,135,139
FED18C,7920,254,209,140
90827D,8752,144,130,125
DDD4D2,8219,221,212,210
7EA5B7,7368,126,165,183
FED0AD,9933,254,208,173
B8D2DA,7371,184,210,218
FED3A6,9917,254,211,166
947F7B,K266,148,127,123
A3826A,K207,163,130,106
AFC8DD,7274,175,200,221
D1C2DF,K285,209,194,223
808DA0,7231,128,141,160
88D4B7,0266,136,212,183
BAC2E1,7209,186,194,225
938970,8479,147,137,112
D4E8C4,7658,212,232,196
E9CCD0,K012,233,204,208
E9DEC1,3119,233,222,193
E9E1BD,3226,233,225,189
838A8B,8288,131,138,139
FBDA97,7904,251,218,151
8C98C9,7207,140,152,201
DFD162,K287,223,209,98
F9C5C4,8057,249,197,196
E8E5B9,7770,232,229,185
E3BEDA,8169,227,190,218
AADCD1,7530,170,220,209
D5DAD3,0956,213,218,211
77A59B,9745,119,165,155
D7AD55,X167,215,173,85
E7E9B3,7745,231,233,179
C6D7D9,1203,198,215,217
FAC9C1,8049,250,201,193
F1DBBD,0387,241,219,189
FDD6AB,7969,253,214,171
B8C3E2,7217,184,195,226
8A8D75,8407,138,141,117
F6C7C8,9410,246,199,200
9B767D,K026,155,118,125
868685,8295,134,134,133
D99E57,7934,217,158,87
F2C4CE,K013,242,196,206
F0BED2,8129,240,190,210
C7DCD6,7483,199,220,214
BEDED5,9266,190,222,213
F9CE76,7903,249,206,118
98DFC4,7569,152,223,196
D0DAD6,9475,208,218,214
DC7F69,8030,220,127,105
F2D16F,9867,242,209,111
A48167,8575,164,129,103
98797A,8687,152,121,122
AD776D,K244,173,119,109
E0D8D1,K041,224,216,209
BADDD6,7490,186,221,214
C0E1D3,7547,192,225,211
D5D7D7,K100,213,215,215
9F7B70,K237,159,123,112
FED9A1,7961,254,217,161
94C261,7662,148,194,97
E6D0D3,0481,230,208,211
94B3D8,7248,148,179,216
C56496,X205,197,100,150
CFA452,7878,207,164,82
E6DCCA,L135,230,220,202
77B98B,7607,119,185,139
A69858,7806,166,152,88
CDD8D9,8275,205,216,217
887DA3,7150,136,125,163
F4E0B4,7882,244,224,180
FDD98B,7896,253,217,139
FED98F,7944,254,217,143
77A38A,7583,119,163,138
997D71,8647,153,125,113
FBDDA9,7929,251,221,169
DEE0CD,0W50,222,224,205
EDDAC7,K224,237,218,199
818987,K105,129,137,135
B16E76,8110,177,110,118
D9D25C,X165,217,210,92
F0DFBE,7891,240,223,190
B6E7CE,9298,182,231,206
E0C1DE,7113,224,193,222
A6895E,8502,166,137,94
868580,K297,134,133,128
DADBD4,8316,218,219,212
808989,8312,128,137,137
7ECBB6,7552,126,203,182
A48462,8526,164,132,98
85D8B6,9757,133,216,182
FED1B9,8025,254,209,185
DCDED1,8396,220,222,209
D9D5D9,7187,217,213,217
8BD7C2,7553,139,215,194
EED6CB,5260,238,214,203
E7D3D3,5182,231,211,211
EB7A77,8062,235,122,119
FDD1BC,9962,253,209,188
D4DAD8,0977,212,218,216
FAD074,7895,250,208,116
EAE8BA,7778,234,232,186
7796A0,0U42,119,150,160
FED6B4,7993,254,214,180
EBDEC7,3196,235,222,199
ECDEC6,3203,236,222,198
74A491,7559,116,164,145
F4E4B1,7857,244,228,177
ECBED9,9417,236,190,217
FEDDA2,7921,254,221,162
838584,8304,131,133,132
8087AD,7199,128,135,173
DF9758,7966,223,151,88
C59552,X172,197,149,82
E1ECBE,9769,225,236,190
E7DDCC,8499,231,221,204
B38859,8518,179,136,89
FEAF6C,7975,254,175,108
A8C4E2,7249,168,196,226
FDC7C5,8065,253,199,197
E68D60,7998,230,141,96
93DACA,9281,147,218,202
CFD4DE,7227,207,212,222
E6DBCF,8780,230,219,207
B0E6D0,7570,176,230,208
97C15B,9773,151,193,91
A18660,8510,161,134,96
ACE3D2,7554,172,227,210
C9638A,K019,201,99,138
FEDDA9,7953,254,221,169
7F858E,8248,127,133,142
ED7E71,8046,237,126,113
E7975B,7982,231,151,91
7F8B81,K136,127,139,129
B2736A,K245,178,115,106
F2DCC4,8563,242,220,196
DBD9D8,9468,219,217,216
B37765,8615,179,119,101
FEDBB0,7977,254,219,176
89A763,7670,137,167,99
FCDAB7,7986,252,218,183
DBDCD6,9484,219,220,214
E2A754,7926,226,167,84
75C48D,9311,117,196,141
EBD3D3,8707,235,211,211
F4D4CA,8675,244,212,202
EDCD61,7830,237,205,97
D5D2DF,7171,213,210,223
E5DDD0,8460,229,221,208
EDD4D1,K258,237,212,209
FEE19D,7912,254,225,157
BACC51,7742,186,204,81
DCD7DA,9139,220,215,218
C8CEE4,7210,200,206,228
86B8D1,7344,134,184,209
798C91,K095,121,140,145
917E71,8767,145,126,113
EBDCCD,0975,235,220,205
EACDD8,8146,234,205,216
FEDD86,9887,254,221,134
E7E2CB,3165,231,226,203
E7DECF,9516,231,222,207
D5825C,9920,213,130,92
FEB969,7959,254,185,105
E8C8DC,8170,232,200,220
C8D9DF,1276,200,217,223
868D6F,8415,134,141,111
DADBD9,8252,218,219,217
C6D6E1,7275,198,214,225
FACDCA,8058,250,205,202
8298C9,7215,130,152,201
C2D1E4,K084,194,209,228
F9C4D0,8097,249,196,208
EAD7D3,8692,234,215,211
FCD8BE,8002,252,216,190
D5DADC,7235,213,218,220
D8CDE2,9609,216,205,226
A7DBDA,7458,167,219,218
EFE6BF,7827,239,230,191
E9DBD1,0944,233,219,209
FAE4AE,7905,250,228,174
EFE0C7,0949,239,224,199
95C5DC,7345,149,197,220
7D848C,K088,125,132,140
818D75,8383,129,141,117
93945D,7718,147,148,93
FED87A,7911,254,216,122
A3835D,K183,163,131,93
CCD3E3,7218,204,211,227
EBC0DE,9425,235,192,222
928269,8494,146,130,105
C66C6D,8078,198,108,109
D5D5E0,7203,213,213,224
DED6DC,7147,222,214,220
F3D5CE,K232,243,213,206
E5D5D9,8203,229,213,217
A8C14F,9832,168,193,79
BAD7E2,7346,186,215,226
FEE495,7872,254,228,149
887E79,K069,136,126,121
FED0C5,K249,254,208,197
FBD4C6,8034,251,212,198
FEE3A8,7945,254,227,168
C7CDE7,9632,199,205,231
C8D9E1,1243,200,217,225
EED4D4,8107,238,212,212
7A9DC2,7271,122,157,194
8BCFD1,7457,139,207,209
8FDACD,9714,143,218,205
7DC4C6,7456,125,196,198
ECEAC0,7746,236,234,192
E6DED3,8764,230,222,211
E9CDDC,9106,233,205,220
EFDFCB,0950,239,223,203
9B6E78,8702,155,110,120
FCDEBB,7970,252,222,187
F2DBCC,8612,242,219,204
E2DED6,8300,226,222,214
D2ECD0,9751,210,236,208
F8E1BE,7938,248,225,190
D3E6D6,0G23,211,230,214
70B1B1,9712,112,177,177
719696,7479,113,150,150
729492,9710,114,148,146
D9D0E3,7162,217,208,227
F7DCC6,8019,247,220,198
E4D9D9,0747,228,217,217
709CA7,7415,112,156,167
D9E5D5,2425,217,229,213
C1E4DB,7531,193,228,219
FEC267,7919,254,194,103
EFE0CB,8532,239,224,203
EEE1CB,L131,238,225,203
A1C5E5,9649,161,197,229
F1D1D5,0P13,241,209,213
A27F5E,K182,162,127,94
F8DCC5,8011,248,220,197
FED774,7871,254,215,116
E6E0D3,L159,230,224,211
D0EAD4,7611,208,234,212
E9DFD2,0952,233,223,210
FEE795,7864,254,231,149
E7E4CF,7788,231,228,207
AC795E,K199,172,121,94
778790,8264,119,135,144
E3E5D1,0972,227,229,209
D2E6D8,7563,210,230,216
A67A5F,K198,166,122,95
6EA1A8,9709,110,161,168
827AB0,7158,130,122,176
E7E9CA,2353,231,233,202
EFDFCE,8580,239,223,206
D1F0CE,9761,209,240,206
A5D9DF,1319,165,217,223
AC7D5A,8558,172,125,90
F9D9C9,K248,249,217,201
F1E3C8,0307,241,227,200
E8EBC7,2467,232,235,199
E8E7CC,7723,232,231,204
847982,K070,132,121,130
C8E8D9,7555,200,232,217
EEE9C4,7779,238,233,196
DCDCDD,K091,220,220,221
7C7D93,7191,124,125,147
C0E3DE,7459,192,227,222
D9E2DA,8347,217,226,218
FEC967,7943,254,201,103
FCE2BB,7954,252,226,187
CD7B59,0578,205,123,89
C4D7E6,7250,196,215,230
E2EEC9,9795,226,238,201
B76670,5155,183,102,112
FAE4BC,7930,250,228,188
F1E7C5,7842,241,231,197
6BA699,7543,107,166,153
809668,7678,128,150,104
BF725F,K219,191,114,95
A4D4E3,7362,164,212,227
EADED5,0945,234,222,213
FBE3BD,7962,251,227,189
7D7CAB,7166,125,124,171
F1D2D8,K031,241,210,216
F2CFD9,8138,242,207,217
837A7E,K071,131,122,126
7294B3,9650,114,148,179
FEDC74,9876,254,220,116
E9E2D3,8483,233,226,211
F7D4D2,8083,247,212,210
86718B,9110,134,113,139
EDE7CB,7812,237,231,203
837F75,K161,131,127,117
FEE27B,7863,254,226,123
E1E8D3,0946,225,232,211
A8E4DB,7514,168,228,219
E4E3D6,8404,228,227,214
C7686A,9406,199,104,106
F2D15D,9874,242,209,93
E7E1D6,L173,231,225,214
7C8081,K106,124,128,129
E0D7E1,7154,224,215,225
EEE3CF,L127,238,227,207
867D72,8471,134,125,114
D0E4DE,7475,208,228,222
897B70,8759,137,123,112
94D8DA,9694,148,216,218
CFE7DC,0210,207,231,220
8C8861,0342,140,136,97
7E807B,K126,126,128,123
A9D3E7,7330,169,211,231
877778,8743,135,119,120
FEE8B2,7913,254,232,178
E0E0DC,8259,224,224,220
E7D0E2,7114,231,208,226
DFDBE0,7196,223,219,224
817C7A,K089,129,124,122
B86D62,K228,184,109,98
C1CB48,9827,193,203,72
B36C64,8671,179,108,100
FEBA5E,7951,254,186,94
A27B5B,8534,162,123,91
F1E0D1,0989,241,224,209
D3E2E0,7419,211,226,224
9F795E,8566,159,121,94
F6DDCF,K247,246,221,207
EEEBC8,7771,238,235,200
857C72,8439,133,124,114
6F95B2,7295,111,149,178
E6ECCE,7666,230,236,206
A8E3DE,7506,168,227,222
EFD7DA,K022,239,215,218
9DD6E2,7410,157,214,226
BEE2E3,7435,190,226,227
838A67,7686,131,138,103
9EDCDF,7442,158,220,223
A86571,K017,168,101,113
74829F,7223,116,130,159
F5CB5A,9877,245,203,90
E9DFD9,0941,233,223,217
A37064,8639,163,112,100
8ACEDA,0122,138,206,218
F5E9C4,7858,245,233,196
F8DCCF,8635,248,220,207
FBCFD5,8090,251,207,213
F9ECB9,7833,249,236,185
F0E9CA,7828,240,233,202
FDEAB5,7897,253,234,181
C0D149,9803,192,209,73
A15E88,9590,161,94,136
699FA3,7471,105,159,163
D9CF4C,7774,217,207,76
FCECB3,7865,252,236,179
ADE1E2,9693,173,225,226
7A8479,8367,122,132,121
F3E5CC,8524,243,229,204
EBDDDA,8700,235,221,218
FEE7BA,7946,254,231,186
F8E9C1,7906,248,233,193
F2845F,8022,242,132,95
B27856,0523,178,120,86
F9E9C0,7874,249,233,192
7BBB63,7654,123,187,99
FDE4C2,7978,253,228,194
B05987,9584,176,89,135
8C766D,8655,140,118,109
FEE7BC,7922,254,231,188
FEDDC9,8026,254,221,201
867C6D,8463,134,124,109
F2D2DD,8130,242,210,221
FDEBB7,7873,253,235,183
F4D8D8,8115,244,216,216
C0E9E0,7515,192,233,224
D0E8DF,7532,208,232,223
8F855C,7790,143,133,92
F7E4CB,0951,247,228,203
708693,6134,112,134,147
84D3D4,9701,132,211,212
C4DEE8,7331,196,222,232
E3E3DC,8292,227,227,220
A3745D,8598,163,116,93
B6715A,9928,182,113,90
D1E3E3,9228,209,227,227
B0C645,X211,176,198,69
F6BE54,7902,246,190,84
ADA643,9838,173,166,67
A2696A,8102,162,105,106
66AEA5,7527,102,174,165
FDD8D0,8050,253,216,208
6C90A9,7304,108,144,169
F3E3D1,8564,243,227,209
E9E3D9,8476,233,227,217
D8DBE7,7211,216,219,231
C2E8E2,7507,194,232,226
FBD8D3,8066,251,216,211
82D9CF,7513,130,217,207
B97555,5103,185,117,85
6B9488,9746,107,148,136
E9E4D9,8436,233,228,217
C4E3E6,7411,196,227,230
F1E4D3,0N68,241,228,211
F0E6D2,0942,240,230,210
77C1CF,7432,119,193,207
E2EDD5,7659,226,237,213
EBEBD1,7715,235,235,209
ABDAE9,9210,171,218,233
C6E6E4,7443,198,230,228
EBE3D9,5232,235,227,217
7E787B,K079,126,120,123
E7E5DA,L109,231,229,218
72CEC0,9720,114,206,192
E6E7D9,8388,230,231,217
C7E2E7,7363,199,226,231
F1E6D2,8508,241,230,210
E5ECD5,7675,229,236,213
927169,K267,146,113,105
8BC5E3,7329,139,197,227
CFDCEA,K083,207,220,234
DCE4E1,7388,220,228,225
E1DBE5,7163,225,219,229
866D7F,8198,134,109,127
FCE2CB,9909,252,226,203
65A09B,7487,101,160,155
78BAD4,7360,120,186,212
837A6E,K300,131,122,110
EFCFE4,9426,239,207,228
E9E5DA,8428,233,229,218
FCEBC0,7914,252,235,192
D3ECDE,7571,211,236,222
ECE5D8,L160,236,229,216
E1DFE3,7204,225,223,227
D1E8E2,7460,209,232,226
EBEBD3,7732,235,235,211
DFDAE7,9628,223,218,231
F9C455,7894,249,196,85
65BDA7,7551,101,189,167
DCEADD,7564,220,234,221
739BCB,7247,115,155,203
CEDEEA,9646,206,222,234
FEE3C9,7994,254,227,201
EFDADF,8147,239,218,223
82C5DD,7361,130,197,221
F0E7D4,L132,240,231,212
E1E3E1,7236,225,227,225
ECF1CC,9809,236,241,204
6F848A,9471,111,132,138
F0E5D6,5184,240,229,214
F1DEDB,8708,241,222,219
F88E58,7990,248,142,88
955D8F,9597,149,93,143
80737B,8206,128,115,123
D9E5E3,7372,217,229,227
CFE6E5,7436,207,230,229
84D9D5,7505,132,217,213
7B8071,8391,123,128,113
DBE8E0,7491,219,232,224
EFECD0,7772,239,236,208
FCEDBF,7898,252,237,191
E9E3DD,8220,233,227,221
E6F2D0,9786,230,242,208
C3E1EA,9656,195,225,234
F3E5D4,8596,243,229,212
F3E8D1,7892,243,232,209
DFE5E1,8276,223,229,225
EFEECE,7747,239,238,206
80717E,K058,128,113,126
FBE9C7,7955,251,233,199
F1E7D4,L133,241,231,212
F3EACF,7843,243,234,207
D1EBE1,7516,209,235,225
ECD8E3,8171,236,216,227
D4E4E6,7347,212,228,230
73799F,7198,115,121,159
F7DDD8,8059,247,221,216
BEA03E,7853,190,160,62
CA8C44,7933,202,140,68
85746F,K277,133,116,111
FAD5DB,8098,250,213,219
F3E3D7,8620,243,227,215
E6E3E0,7188,230,227,224
E0E7E0,1205,224,231,224
EBEBD6,7724,235,235,214
E3EADC,0947,227,234,220
E7E4DF,8236,231,228,223
BE9540,7877,190,149,64
FAEAC9,7923,250,234,201
99745C,8574,153,116,92
F9E4D1,8012,249,228,209
886A7A,K062,136,106,122
788073,K145,120,128,115
F8D9DB,8091,248,217,219
DEE5E3,7308,222,229,227
F6EBCD,7907,246,235,205
E0E4E3,7276,224,228,227
C0E8E7,9688,192,232,231
F9EFC4,7866,249,239,196
DDECDE,7588,221,236,222
FAEBC9,7947,250,235,201
F9DDD8,8067,249,221,216
EAEDD6,7667,234,237,214
CC993F,K288,204,153,63
EAE3DF,8212,234,227,223
80D1D9,7441,128,209,217
867C63,8478,134,124,99
E7E7DE,8348,231,231,222
D06166,9993,208,97,102
E8ECD9,7684,232,236,217
DBEEDE,9308,219,238,222
668FA3,7367,102,143,163
AA9342,9858,170,147,66
956E63,K238,149,110,99
FAE8CE,7979,250,232,206
DEF0DB,9758,222,240,219
EEE7DA,8500,238,231,218
E2EDDC,9332,226,237,220
97735C,8582,151,115,92
A8814A,9882,168,129,74
EDE7DB,L157,237,231,219
BF8843,3176,191,136,67
F1EDD2,7780,241,237,210
E1EDDD,7612,225,237,221
9A8B4A,7805,154,139,74
807570,K278,128,117,112
F5E9D3,7939,245,233,211
F7DEDB,9411,247,222,219
E8E8DE,8372,232,232,222
F5ECD0,7859,245,236,208
72CECB,7504,114,206,203
728D6D,K151,114,141,109
F1EAD6,0943,241,234,214
F9EFC8,7834,249,239,200
F1E8D8,L136,241,232,216
D2ECE4,7508,210,236,228
727E7D,8335,114,126,125
BCE4EC,9670,188,228,236
D9E7E6,7364,217,231,230
EDE7DC,L158,237,231,220
9C6B60,K212,156,107,96
F6EAD2,7931,246,234,210
EFE8DA,L175,239,232,218
E8E1E4,7155,232,225,228
896778,K063,137,103,120
BE8D40,X106,190,141,64
E4E8E1,L111,228,232,225
7D7376,8214,125,115,118
DBE4E8,7251,219,228,232
639F83,9734,99,159,131
737A7F,K295,115,122,127
EFE3DF,8716,239,227,223
E4E5E4,7228,228,229,228
E3E3E6,7212,227,227,230
DAA83D,X214,218,168,61
EDDEE4,7115,237,222,228
FBE2D6,8035,251,226,214
E1E3E7,7219,225,227,231
E6E9E0,9476,230,233,224
B15675,K020,177,86,117
F9E1D9,8051,249,225,217
F9EECC,7899,249,238,204
E2EDDF,7556,226,237,223
F1BC47,X166,241,188,71
F4DCE1,8139,244,220,225
F0E9DA,L174,240,233,218
ECEADC,8412,236,234,220
ACA03C,9843,172,160,60
E8EEDB,7660,232,238,219
FBEBCE,7963,251,235,206
90676C,8710,144,103,108
EEE0E3,8172,238,224,227
C87949,9941,200,121,73
F2DFE1,K023,242,223,225
DEEAE4,7476,222,234,228
A1685E,9955,161,104,94
5FC19B,2357,95,193,155
D4E8E9,9211,212,232,233
B7B639,9837,183,182,57
DFC941,X209,223,201,65
6F8D6E,7622,111,141,110
E9EEDB,7676,233,238,219
F0EADA,L134,240,234,218
E2ECE1,L115,226,236,225
EAE7E1,L164,234,231,225
EFE8DD,L179,239,232,221
F9EECE,7883,249,238,206
A98345,7885,169,131,69
D3993C,9890,211,153,60
F1F0D4,9364,241,240,212
8ED3E9,9678,142,211,233
E2E8E5,7300,226,232,229
F7ECD3,7924,247,236,211
E8E8E2,L186,232,232,226
7BCBDD,7409,123,203,221
F5E8D9,8020,245,232,217
F6E5DB,K256,246,229,219
F2E4DF,8108,242,228,223
F2EDD7,7844,242,237,215
EEEADD,L177,238,234,221
C4943B,9886,196,148,59
EDF1D7,9801,237,241,215
AB665A,9972,171,102,90
96626B,K066,150,98,107
F0EADC,L149,240,234,220
FE9B4F,7974,254,155,79
D2953C,7925,210,149,60
A38E41,7837,163,142,65
E8E4E6,7164,232,228,230
F4E9DA,L138,244,233,218
E4EDE1,7572,228,237,225
7A8164,8414,122,129,100
6EC6D0,7440,110,198,208
F8F0CF,7867,248,240,207
9F5A71,K018,159,90,113
EFF3D4,9817,239,243,212
F4E6DD,8676,244,230,221
F7E3DD,K257,247,227,221
EEEADE,8484,238,234,222
E6AD3E,X217,230,173,62
F4DEE3,8131,244,222,227
F1EFD7,7748,241,239,215
E0EAE6,7348,224,234,230
8F588E,9601,143,88,142
8C686A,8694,140,104,106
F3EADB,L147,243,234,219
C8CD3B,9835,200,205,59
DFEBE6,7412,223,235,230
9F8048,9872,159,128,72
CB6755,9988,203,103,85
E7E2E9,L187,231,226,233
7A7D66,8406,122,125,102
FCE9D4,7995,252,233,212
FBE7D7,8027,251,231,215
F7EBD7,7980,247,235,215
CCC038,X223,204,192,56
767477,K080,118,116,119
E3ECE4,7492,227,236,228
A1953E,7821,161,149,62
ECE6E4,7156,236,230,228
7B766B,8431,123,118,107
915788,9598,145,87,136
EFEADF,8444,239,234,223
F3E9DD,L141,243,233,221
F9E9D8,8003,249,233,216
F8EDD5,7956,248,237,213
B2883E,9870,178,136,62
F0EFDA,7716,240,239,218
797470,K118,121,116,112
F5EED7,7908,245,238,215
C26555,9968,194,101,85
F7E2E0,8092,247,226,224
D78143,7981,215,129,67
ECE7E4,7148,236,231,228
A87C46,9881,168,124,70
737678,K107,115,118,120
E2EAE7,7332,226,234,231
A76955,4234,167,105,85
9FA43B,9829,159,164,59
F0E9E0,L183,240,233,224
DFEDE6,L114,223,237,230
8E725A,9526,142,114,90
FAECD5,7971,250,236,213
F5E2E2,8124,245,226,226
E8EEE1,L117,232,238,225
6A7FB7,7214,106,127,183
619FBE,7343,97,159,190
F0ECDE,L153,240,236,222
F4EED9,7860,244,238,217
EEE9E2,L107,238,233,226
756E81,7142,117,110,129
A09E3B,7765,160,158,59
F3EEDA,7836,243,238,218
B9A535,9850,185,165,53
E1EDE6,7444,225,237,230
A46856,0533,164,104,86
FAEFD3,7915,250,239,211
E7EBE5,7420,231,235,229
CB9E36,X213,203,158,54
BDAD34,9851,189,173,52
E9E6E8,7172,233,230,232
EFE8E3,8204,239,232,227
668F74,7582,102,143,116
8D626D,K027,141,98,109
AABC37,9820,170,188,55
746F7F,9624,116,111,127
E7EFE2,L116,231,239,226
F7E2E2,8099,247,226,226
C97D41,7965,201,125,65
9F973C,9839,159,151,60
EAEBE4,L108,234,235,228
F0E5E5,9108,240,229,229
EEEEDF,L120,238,238,223
6F767D,8255,111,118,125
F2ECDE,7940,242,236,222
BFBA34,9836,191,186,52
FEAF48,7950,254,175,72
EBEDE2,L185,235,237,226
F5E6E1,8084,245,230,225
EEECE1,L176,238,236,225
A96655,9954,169,102,85
F7AF43,7918,247,175,67
AF9E36,X225,175,158,54
EFEFDE,7668,239,239,222
907851,K175,144,120,81
EDEBE3,8260,237,235,227
F3ECDE,L140,243,236,222
F7F0D7,7900,247,240,215
F8F1D5,7875,248,241,213
DFE6EE,9645,223,230,238
A77548,K289,167,117,72
F2EAE1,L142,242,234,225
728068,8382,114,128,104
E8EEE4,L113,232,238,228
7E6776,K065,126,103,118
F4ECDE,L151,244,236,222
F3EFDC,L121,243,239,220
F3EEDD,L124,243,238,221
AEB134,9828,174,177,52
F8EED9,7964,248,238,217
74766F,8327,116,118,111
767271,K117,118,114,113
F7F0D8,7835,247,240,216
ECECE4,L171,236,236,228
EAEBE6,7252,234,235,230
D15C5D,9999,209,92,93
EBEDE4,0763,235,237,228
7F6F67,8751,127,111,103
63C4C7,9695,99,196,199
F2E2E8,9427,242,226,232
DB8E3B,9903,219,142,59
869E45,9821,134,158,69
9DAA38,9799,157,170,56
D96D4D,9970,217,109,77
6F747B,8247,111,116,123
D0BE34,9849,208,190,52
63CCC3,7512,99,204,195
F9E9DE,8036,249,233,222
F1EEE0,L172,241,238,224
AF6156,9969,175,97,86
6977B0,7206,105,119,176
EBEEE4,L112,235,238,228
EDEFE2,L119,237,239,226
F1ECE2,0765,241,236,226
F4EDDF,L102,244,237,223
F3EEDF,L123,243,238,223
F9F0D8,7884,249,240,216
F3EDE0,L103,243,237,224
6AAFD9,7328,106,175,217
D3B733,X210,211,183,51
75736E,K110,117,115,110
F6ECDF,8028,246,236,223
FED64E,7862,254,214,78
BE9933,9869,190,153,51
EDEFE3,L118,237,239,227
AAB233,9365,170,178,51
EFEAE6,L178,239,234,230
EAEAE9,L180,234,234,233
6F7674,8311,111,118,116
9C744A,8517,156,116,74
78C6E6,9209,120,198,230
747270,K111,116,114,112
7A6187,9605,122,97,135
FEC547,7910,254,197,71
F7EBE0,L139,247,235,224
B75E56,9983,183,94,86
F2E7E7,8148,242,231,231
F4EEE0,L148,244,238,224
C05F54,9982,192,95,84
E7EDE9,L184,231,237,233
86844C,7717,134,132,76
FEA844,7958,254,168,68
806177,K064,128,97,119
F7F2DA,7868,247,242,218
8A6E59,8550,138,110,89
59A8B8,9679,89,168,184
AC6451,0587,172,100,81
EAEEE7,9244,234,238,231
F2EEE2,L170,242,238,226
9A893E,9852,154,137,62
63B0D1,X171,99,176,209
F1EDE4,L165,241,237,228
F9EEDD,7988,249,238,221
737072,8231,115,112,114
75C8E4,9661,117,200,228
F3EFE1,L122,243,239,225
F7F0DD,7948,247,240,221
A26B4D,K200,162,107,77
EEECE7,7220,238,236,231
F7EEDF,7996,247,238,223
60A16C,7606,96,161,108
90953E,9830,144,149,62
F6F0DE,L125,246,240,222
E7ECEB,L181,231,236,235
F7ECE1,8636,247,236,225
F2EEE3,L104,242,238,227
667492,7222,102,116,146
F7EBE2,8052,247,235,226
806E61,8766,128,110,97
FECE48,7870,254,206,72
F4E8E7,8132,244,232,231
598EA2,9223,89,142,162
8E537F,X138,142,83,127
DBB032,X101,219,176,50
A5B332,9798,165,179,50
809647,9781,128,150,71
5E82A8,9150,94,130,168
838F47,9822,131,143,71
F5EFE1,L101,245,239,225
717270,8303,113,114,112
9E6F4A,4198,158,111,74
C27A3C,9900,194,122,60
929D3A,X222,146,157,58
9D7B42,K174,157,123,66
EDB438,9888,237,180,56
889F3F,7709,136,159,63
91764B,8501,145,118,75
D38B36,9902,211,139,54
7F9049,9788,127,144,73
6C6D84,7190,108,109,132
91704F,8525,145,112,79
F7EBE4,8068,247,235,228
F7EAE5,8116,247,234,229
F6EBE5,9412,246,235,229
F7F2DE,7876,247,242,222
EEEEE8,L169,238,238,232
F6F2DF,7916,246,242,223
F6F0E1,7972,246,240,225
CB8536,9899,203,133,54
CFC831,7773,207,200,49
F7EBE5,8060,247,235,229
AB6F44,9906,171,111,68
8B7052,K184,139,112,82
F8F1DF,L126,248,241,223
5C9178,9286,92,145,120
D36E44,9921,211,110,68
A8674B,9944,168,103,75
B4BB2E,9812,180,187,46
D1AC2E,9864,209,172,46
F0EEE8,L162,240,238,232
73618D,9618,115,97,141
6E6C7B,7182,110,108,123
68747B,0630,104,116,123
FECC44,X212,254,204,68
53ACAF,7455,83,172,175
CB9430,X173,203,148,48
D3A72E,X102,211,167,46
F6F0E3,L150,246,240,227
775E86,9612,119,94,134
F3EDE8,9436,243,237,232
C65C51,8053,198,92,81
F4F0E5,L144,244,240,229
F3ECE9,9428,243,236,233
EF8141,X174,239,129,65
F7F0E3,8004,247,240,227
F1C83A,9875,241,200,58
FEC140,X161,254,193,64
AC6649,8013,172,102,73
7C854D,9805,124,133,77
F0EFE9,L166,240,239,233
C76944,9937,199,105,68
CB6C42,7997,203,108,66
D99531,X107,217,149,49
E1C432,9857,225,196,50
7D6E5D,8454,125,110,93
956058,K246,149,96,88
AC644A,8005,172,100,74
A48039,9871,164,128,57
5B7E98,7303,91,126,152
A35C55,9976,163,92,85
948B3A,9844,148,139,58
F0EFEA,L163,240,239,234
776E63,8470,119,110,99
6F8E54,9789,111,142,84
F7F2E3,7932,247,242,227
7E6B5E,8774,126,107,94
5A81A9,1218,90,129,169
E37342,0526,227,115,66
779748,9793,119,151,72
916D4C,8533,145,109,76
F5F0E7,L143,245,240,231
6C639A,X180,108,99,154
88993B,9804,136,153,59
F6EDE9,8140,246,237,233
52C2AF,9726,82,194,175
78874D,X160,120,135,77
E27043,X177,226,112,67
F7F0E6,L145,247,240,230
75666F,K037,117,102,111
F5F2E6,L155,245,242,230
5F79B4,9638,95,121,180
F7EDE9,8100,247,237,233
F3AE35,7893,243,174,53
746E64,8430,116,110,100
819041,7725,129,144,65
846161,8686,132,97,97
C86941,9922,200,105,65
C8733A,9942,200,115,58
9B634E,9929,155,99,78
717362,8398,113,115,98
C57439,9913,197,116,57
82675B,8646,130,103,91
FEB73B,9892,254,183,59
B2922D,9865,178,146,45
E7A230,X169,231,162,48
B45259,9994,180,82,89
F7F1E7,L146,247,241,231
D37E35,9905,211,126,53
63747A,K096,99,116,122
AC5655,K002,172,86,85
B55F49,9973,181,95,73
EAB630,X215,234,182,48
936054,8638,147,96,84
F6F3E7,L154,246,243,231
A95D4D,9938,169,93,77
95813A,9866,149,129,58
6BA54D,9768,107,165,77
6A6F6F,8287,106,111,111
776B60,8758,119,107,96
5981B6,9637,89,129,182
D46E3D,9949,212,110,61
F6F3E8,L152,246,243,232
756866,K279,117,104,102
EDB130,X218,237,177,48
A65B4F,8670,166,91,79
746C62,8438,116,108,98
A16646,8589,161,102,70
726F61,8422,114,111,97
766D5E,8462,118,109,94
7F764D,0254,127,118,77
FEBB39,7942,254,187,57
CCAE27,7829,204,174,39
ADB328,7741,173,179,40
6D7264,8390,109,114,100
F3F2EC,L161,243,242,236
A38631,9859,163,134,49
51AEC1,7431,81,174,193
E1753A,X112,225,117,58
706C64,K162,112,108,100
6A6E6B,K127,106,110,107
896650,8573,137,102,80
894C79,K040,137,76,121
B9584B,8029,185,88,75
EDA42E,9889,237,164,46
705B83,9613,112,91,131
57B9D1,7408,87,185,209
A74D5D,X126,167,77,93
B1554F,0509,177,85,79
918337,X224,145,131,55
617571,8342,97,117,113
B04C5B,K006,176,76,91
588771,7558,88,135,113
A55A4C,9974,165,90,76
FCA734,X170,252,167,52
A64668,X132,166,70,104
626B7D,7230,98,107,125
64706F,8334,100,112,111
A8663F,9914,168,102,63
856C4B,8509,133,108,75
656195,9619,101,97,149
9E5C4B,9956,158,92,75
677167,8366,103,113,103
6C735D,K159,108,115,93
5D6BA6,9633,93,107,166
F99434,X221,249,148,52
6B686A,K081,107,104,106
716762,K072,113,103,98
F9AD30,X219,249,173,48
AA4B5A,X203,170,75,90
55A3D3,7327,85,163,211
82883A,9823,130,136,58
7C625A,K268,124,98,90
EDAB2A,7901,237,171,42
E86543,8021,232,101,67
9C693E,K190,156,105,62
F38933,X111,243,137,51
8F743C,K166,143,116,60
79625C,K269,121,98,92
7B8D3C,9782,123,141,60
B96937,9907,185,105,55
B8603E,9971,184,96,62
74655E,8750,116,101,94
747D49,9831,116,125,73
DB5849,8045,219,88,73
A2653E,9901,162,101,62
937A36,9860,147,122,54
965C4B,9953,150,92,75
FB9C31,X110,251,156,49
76724E,7781,118,114,78
817344,7845,129,115,68
A25151,9984,162,81,81
517D87,7414,81,125,135
9F574B,K229,159,87,75
AF5E3F,9923,175,94,63
567385,9182,86,115,133
DD653C,X113,221,101,60
765375,9591,118,83,117
A2495B,X125,162,73,91
57747D,7382,87,116,125
637165,K137,99,113,101
6D8B46,7669,109,139,70
728544,9800,114,133,68
4BA1C3,7359,75,161,195
F27C35,X206,242,124,53
807E3C,9855,128,126,60
AD633A,9943,173,99,58
7AA834,X159,122,168,52
C04756,X202,192,71,86
768042,9790,118,128,66
685B7D,9614,104,91,125
D0A61F,9868,208,166,31
84773C,9861,132,119,60
507BB2,7246,80,123,178
686963,8326,104,105,99
4B8883,7486,75,136,131
74AB37,7661,116,171,55
994A5B,X200,153,74,91
5470A9,9639,84,112,169
86624A,8565,134,98,74
AA4D4F,K001,170,77,79
CE4A51,X179,206,74,81
786A4E,8477,120,106,78
A96339,9904,169,99,57
52738C,7302,82,115,140
9A544C,9989,154,84,76
896346,K192,137,99,70
F57E33,7973,245,126,51
55BADE,9665,85,186,222
7E624F,K208,126,98,79
756159,8654,117,97,89
A24B53,X199,162,75,83
6E734F,7685,110,115,79
449691,9716,68,150,145
EF6F38,X114,239,111,56
B76038,9951,183,96,56
4E8576,7542,78,133,118
EF9F26,7917,239,159,38
4CB067,X176,76,176,103
676665,K112,103,102,101
B94A4E,X122,185,74,78
9E4957,X201,158,73,87
FEC52E,X104,254,197,46
925D45,K201,146,93,69
6BA13D,9774,107,161,61
816945,K176,129,105,69
9A4958,K007,154,73,88
AC4F49,9405,172,79,73
547675,7478,84,118,117
65844C,X158,101,132,76
9D5646,8605,157,86,70
49B6CA,9671,73,182,202
E89125,9898,232,145,37
994264,9421,153,66,100
5E696F,8262,94,105,111
40A79C,9727,64,167,156
884769,X137,136,71,105
AF494F,K003,175,73,79
FEC22C,X216,254,194,44
8E5054,9996,142,80,84
528269,9747,82,130,105
A35444,9975,163,84,68
875D49,K202,135,93,73
695283,X186,105,82,131
666562,8294,102,101,98
7D6449,K185,125,100,73
715569,K052,113,85,105
616866,8310,97,104,102
715E5B,8742,113,94,91
90514F,9978,144,81,79
A2583F,9945,162,88,63
439186,7526,67,145,134
D44F45,8061,212,79,69
877038,K167,135,112,56
AD5B39,X207,173,91,57
FAAA26,9897,250,170,38
895949,9915,137,89,73
FE932B,7957,254,147,43
4C7390,7294,76,115,144
8D623E,K191,141,98,62
697C47,9806,105,124,71
9B4951,9995,155,73,81
636563,8302,99,101,99
40C4B0,9271,64,196,176
814965,8141,129,73,101
994853,X198,153,72,83
3F9F86,9735,63,159,134
3DB8A5,9715,61,184,165
7A604C,8549,122,96,76
5F646A,8246,95,100,106
965940,9908,150,89,64
4386A8,7342,67,134,168
685D64,K038,104,93,100
6A6C50,8413,106,108,80
A85141,X116,168,81,65
625977,9615,98,89,119
86663D,9883,134,102,61
BC4D42,X117,188,77,66
66645D,K119,102,100,93
90504C,9985,144,80,76
925149,9977,146,81,73
8F4758,X131,143,71,88
C24C42,9981,194,76,66
487C80,7470,72,124,128
536684,9634,83,102,132
8D5D3F,K193,141,93,63
636262,K113,99,98,98
5D646A,8254,93,100,106
A5464D,K004,165,70,77
805D47,8581,128,93,71
7B594F,9932,123,89,79
84554C,K213,132,85,76
606A5C,K146,96,106,92
974F47,9924,151,79,71
A0464E,X185,160,70,78
5B6A64,K140,91,106,100
754773,9599,117,71,115
695865,K059,105,88,101
7E5B49,K203,126,91,73
825849,9931,130,88,73
44A7CF,9662,68,167,207
84485C,K021,132,72,92
725B54,K270,114,91,84
875D40,K194,135,93,64
FECA26,7861,254,202,38
904753,X197,144,71,83
FBA122,X220,251,161,34
57914B,9775,87,145,75
804E55,X130,128,78,85
B04844,9998,176,72,68
5D685F,K138,93,104,95
746E3F,9840,116,110,63
785C4B,K204,120,92,75
625F62,8230,98,95,98
6C6E46,K153,108,110,70
5E6363,8286,94,99,99
89435D,X133,137,67,93
EEB81B,X103,238,184,27
726448,K171,114,100,72
7A4F58,8709,122,79,88
A5414F,X124,165,65,79
924651,K011,146,70,81
6E5D53,K222,110,93,83
636E4F,K152,99,110,79
6F7D39,9813,111,125,57
DC5439,X115,220,84,57
9E5639,X196,158,86,57
9A533D,9952,154,83,61
6F644A,K172,111,100,74
546671,8270,84,102,113
60655B,K147,96,101,91
3AB4B9,9703,58,180,185
8A5443,8613,138,84,67
5B5581,9620,91,85,129
7B683B,K168,123,104,59
8A4D4A,K262,138,77,74
805C41,K195,128,92,65
70525B,K291,112,82,91
D34B3D,0506,211,75,61
49689E,9640,73,104,158
6D614C,K179,109,97,76
6A4C6E,7109,106,76,110
6B4C6C,X140,107,76,108
94513F,9957,148,81,63
765E46,K186,118,94,70
54666B,9470,84,102,107
486E81,7366,72,110,129
7D6639,K169,125,102,57
615669,K044,97,86,105
71476A,9592,113,71,106
756B3B,9862,117,107,59
3BBFC2,9702,59,191,194
FEAB1E,X109,254,171,30
5F7549,7677,95,117,73
407EB6,9651,64,126,182
795E42,K187,121,94,66
8B543F,9930,139,84,63
5B764C,9777,91,118,76
36A484,7550,54,164,132
716046,K177,113,96,70
5C527A,9629,92,82,122
7F4C4F,8101,127,76,79
704964,X139,112,73,100
36B07F,7566,54,176,127
8D4A47,9986,141,74,71
64644F,8405,100,100,79
835442,9950,131,84,66
685E50,8461,104,94,80
75574A,K209,117,87,74
5C4F80,7157,92,79,128
52578D,7205,82,87,141
666E43,9808,102,110,67
9B4841,X118,155,72,65
5A6D52,2361,90,109,82
685954,K280,104,89,84
FEA01C,7949,254,160,28
70584C,K284,112,88,76
82484F,X163,130,72,79
75475D,X136,117,71,93
835242,9958,131,82,66
3A808F,9686,58,128,143
BA3E44,8085,186,62,68
6A6E3D,9845,106,110,61
8A4A45,8669,138,74,69
864E43,9946,134,78,67
558048,9783,85,128,72
6C574F,K271,108,87,79
616151,8397,97,97,81
33BDB2,7511,51,189,178
58635B,K139,88,99,91
536166,K293,83,97,102
7C5E39,9885,124,94,57
8E3F4F,8133,142,63,79
5E506C,7149,94,80,108
6F5B46,K188,111,91,70
983F49,8117,152,63,73
519E40,7653,81,158,64
5E5D57,K120,94,93,87
626946,9846,98,105,70
8E4B3F,0427,142,75,63
81454F,8109,129,69,79
575D62,K296,87,93,98
FEBF19,7869,254,191,25
6A5E47,K178,106,94,71
625E50,8421,98,94,80
695B4B,8453,105,91,75
834E42,9959,131,78,66
7C5B3A,9884,124,91,58
BA433A,X120,186,67,58
784852,K265,120,72,82
953E4A,8125,149,62,74
665E4A,K180,102,94,74
715548,K205,113,85,72
675158,K292,103,81,88
B83F3E,0520,184,63,62
764060,9585,118,64,96
7A5144,9939,122,81,68
31BBB7,7503,49,187,183
556B52,X157,85,107,82
914048,X123,145,64,72
5E5958,K090,94,89,88
FACA17,X168,250,202,23
72603B,K170,114,96,59
5C644E,8381,92,100,78
735346,0419,115,83,70
764752,8701,118,71,82
7F4A46,9947,127,74,70
774A4C,8693,119,74,76
5D7240,9791,93,114,64
7F454B,X129,127,69,75
64594D,8437,100,89,77
69564A,8765,105,86,74
C73D3C,8093,199,61,60
626E3C,9807,98,110,60
2E9395,7454,46,147,149
3D6992,9652,61,105,146
76484D,K028,118,72,77
6A475C,9101,106,71,92
654763,9607,101,71,99
605653,K114,96,86,83
5C4B6A,X141,92,75,106
585D55,K148,88,93,85
754D46,9960,117,77,70
565B5A,K097,86,91,90
4B6B5A,0757,75,107,90
684A57,K067,104,74,87
4F4F82,X187,79,79,130
53516F,7197,83,81,111
624D5A,K074,98,77,90
507648,9776,80,118,72
8C483A,K230,140,72,58
575A58,K128,87,90,88
7A444B,K010,122,68,75
4A8348,9764,74,131,72
2DB1BE,7439,45,177,190
66623D,9863,102,98,61
724E45,K214,114,78,69
685547,8773,104,85,71
418D50,9759,65,141,80
64564A,8757,100,86,74
6D4358,8165,109,67,88
5A5C4F,8389,90,92,79
6D5343,K196,109,83,67
635947,K181,99,89,71
6C5146,K216,108,81,70
4F8B3B,9763,79,139,59
6C4850,K264,108,72,80
6F4F44,K215,111,79,68
6C4E48,K221,108,78,72
524E70,7165,82,78,112
56634B,9794,86,99,75
655745,8493,101,87,69
71474B,X128,113,71,75
6C4454,X135,108,68,84
5F4467,9606,95,68,103
534977,9621,83,73,119
7A4841,K254,122,72,65
694C4C,X127,105,76,76
4D5F5B,K132,77,95,91
606040,9847,96,96,64
4F7047,9784,79,112,71
6B5044,8645,107,80,68
7A4543,9979,122,69,67
61534B,K272,97,83,75
60643B,9824,96,100,59
6E4B45,9916,110,75,69
5C5152,K073,92,81,82
307490,9675,48,116,144
437D4C,2435,67,125,76
564B62,9622,86,75,98
64405E,9600,100,64,94
3A657A,9677,58,101,122
655046,K217,101,80,70
2AABC8,7407,42,171,200
655342,K283,101,83,66
6E4845,4181,110,72,69
2C7FB2,9657,44,127,178
7C4141,K008,124,65,65
554D5D,9625,85,77,93
535456,8261,83,84,86
2B88BE,7326,43,136,190
59663C,9814,89,102,60
41567C,X142,65,86,124
5B544A,8469,91,84,74
268AA5,9672,38,138,165
446559,X153,68,101,89
484C7B,7213,72,76,123
62593C,9853,98,89,60
614850,X134,97,72,80
56554E,8325,86,85,78
356B74,X181,53,107,116
594A56,8205,89,74,86
3E6D59,9749,62,109,89
33855C,9754,51,133,92
424F81,9641,66,79,129
52574E,8365,82,87,78
664B43,9940,102,75,67
5F4355,K039,95,67,85
754041,9948,117,64,65
53554D,K299,83,85,77
6D4443,9961,109,68,67
405D64,7413,64,93,100
366F64,9725,54,111,100
238CB0,7358,35,140,176
585C3E,K154,88,92,62
415273,9643,65,82,115
594F4A,K211,89,79,74
4C6049,9792,76,96,73
29A35F,9753,41,163,95
604E42,K210,96,78,66
6E4143,0R05,110,65,67
4F4D5A,7189,79,77,90
5A5343,K160,90,83,67
404E7E,7245,64,78,126
3F6E4F,7581,63,110,79
455069,9635,69,80,105
4F5450,K129,79,84,80
594851,K290,89,72,81
5F523E,K164,95,82,62
386468,X151,56,100,104
43684D,9760,67,104,77
306194,9658,48,97,148
5D4F42,K189,93,79,66
684344,K263,104,67,68
53465B,9627,83,70,91
3F6555,9766,63,101,85
504D55,7181,80,77,85
565147,8429,86,81,71
555D3C,9815,85,93,60
674146,K029,103,65,70
703E41,9997,112,62,65
50465E,K045,80,70,94
584454,8197,88,68,84
2F805B,9755,47,128,91
644642,K220,100,70,66
3F526B,9669,63,82,107
39734F,X156,57,115,79
50504D,8301,80,80,77
595041,K173,89,80,65
3C5370,X144,60,83,112
434F65,X143,67,79,101
3B4F7D,9642,59,79,125
713F3C,9987,113,63,60
30795A,9748,48,121,90
5E424B,K030,94,66,75
305B90,9647,48,91,144
FEA800,7941,254,168,0
FEB600,7909,254,182,0
613D4E,X162,97,61,78
504954,7141,80,73,84
4F5F3D,9785,79,95,61
5E4C3E,K197,94,76,62
545243,K157,84,82,67
3E5B5A,9711,62,91,90
3E5F55,7557,62,95,85
584B45,K281,88,75,69
FEC200,X105,254,194,0
43505F,7221,67,80,95
337E4D,9765,51,126,77
404D69,9659,64,77,105
5F4740,K218,95,71,64
355775,X145,53,87,117
5B4942,8653,91,73,66
50415C,9623,80,65,92
5B4842,8741,91,72,66
693E3F,9980,105,62,63
2176AC,X195,33,118,172
404F62,7301,64,79,98
32567F,9668,50,86,127
375F5E,9719,55,95,94
4C4F4C,8309,76,79,76
484C56,7229,72,76,86
3B585C,7469,59,88,92
4C4556,9608,76,69,86
59493F,K165,89,73,63
365C5F,X152,54,92,95
594642,9582,89,70,66
26638E,9653,38,99,142
34556E,7341,52,85,110
554B40,K121,85,75,64
3A5164,9685,58,81,100
474C51,K294,71,76,81
346C4D,X155,52,108,77
1D739D,9667,29,115,157
2E5B6F,X148,46,91,111
275C91,7325,39,92,145
2B6764,9713,43,103,100
534842,8749,83,72,66
38555D,X150,56,85,93
484C4C,8333,72,76,76
3D4C60,7293,61,76,96
27755E,7549,39,117,94
2A6071,9683,42,96,113
2E5282,1306,46,82,130
405053,K298,64,80,83
208264,X184,32,130,100
31566B,9664,49,86,107
325766,7429,50,87,102
4D4847,8229,77,72,71
2A5684,9654,42,86,132
434B51,8269,67,75,81
4F4744,K273,79,71,68
285B79,9660,40,91,121
2B5971,9684,43,89,113
4B4E40,K155,75,78,64
4A4848,K082,74,72,72
484A48,8285,72,74,72
265D7A,7357,38,93,122
434B4E,9469,67,75,78
4C4844,8293,76,72,68
47484B,8245,71,72,75
47454F,9631,71,69,79
4C4448,8213,76,68,72
266A61,7525,38,106,97
3C5050,8341,60,80,80
19708C,9676,25,112,140
345A52,7541,52,90,82
305561,9687,48,85,97
2B5D5F,7485,43,93,95
40494E,7381,64,73,78
1D628A,X146,29,98,138
127E88,9698,18,126,136
2A6256,9732,42,98,86
36574A,9743,54,87,74
3F5340,9816,63,83,64
3E4158,9648,62,65,88
235F69,9700,35,95,105
38435F,9644,56,67,95
3D4255,9636,61,66,85
335152,7477,51,81,82
354B56,9691,53,75,86
35485A,0U29,53,72,90
33534D,9767,51,83,77
0990A4,7430,9,144,164
3C4948,K133,60,73,72
196A6D,7453,25,106,109
157967,9739,21,121,103
384251,9655,56,66,81
36444D,K099,54,68,77
078BBE,9666,7,139,190
00AA9B,7510,0,170,155
325142,9750,50,81,66
00A8A0,7502,0,168,160
166961,9731,22,105,97
40403F,8253,64,64,63
00A08C,9721,0,160,140
03A873,X175,3,168,115
009BA7,7438,0,155,167
00979B,9696,0,151,155
0D8B5A,7565,13,139,90
344845,K098,52,72,69
009396,9704,0,147,150
00938E,9717,0,147,142
0D648A,9663,13,100,138
009883,9728,0,152,131
008D9F,X182,0,141,159
0096B4,7406,0,150,180
009188,9722,0,145,136
0091AE,9680,0,145,174
008B95,9697,0,139,149
2F4E42,9756,47,78,66
334A40,9733,51,74,64
0088A3,9681,0,136,163
00888B,9705,0,136,139
008490,9706,0,132,144
009676,9737,0,150,118
008195,9689,0,129,149
0086B1,X190,0,134,177
0A7369,9730,10,115,105
007D95,9682,0,125,149
007D91,X183,0,125,145
009B6C,X193,0,155,108
007C9F,X191,0,124,159
007B98,9673,0,123,152
007BA1,9674,0,123,161
00847D,9723,0,132,125
00936B,9736,0,147,107
00798A,9707,0,121,138
007791,X147,0,119,145
0077AB,X189,0,119,171
116757,9742,17,103,87
008471,9729,0,132,113
00896C,9738,0,137,108
007A7D,9692,0,122,125
007681,X149,0,118,129
008863,X192,0,136,99
007673,9718,0,118,115
00699D,X188,0,105,157
00796E,9724,0,121,110
007969,9740,0,121,105
008062,9741,0,128,98
006982,X164,0,105,130
006B7C,9708,0,107,124
006E76,9699,0,110,118
006A7E,0161,0,106,126
006F69,7501,0,111,105
007364,7509,0,115,100
00637D,7405,0,99,125
00647A,9690,0,100,122
007F55,X194,0,127,85
